teacher_id,name,department
t_1,Bendick Steggles,Accounting
t_2,Loren Oswell,Services
t_3,Basia Offell,Product Management
t_4,Lucille Yanne,Engineering
t_5,Rosie Clinnick,Services
t_6,Rickie Rosewarne,Marketing
t_7,Lotti Potes,Services
t_8,Cathie Bolliver,Engineering
t_9,Mortie Baszkiewicz,Engineering
t_10,Chester Farfoot,Product Management
t_11,Margaret Windley,Training
t_12,Pen Gromley,Legal
t_13,Benedetto Snelle,Sales
t_14,Stephine Rickersy,Sales
t_15,Leif Arnopp,Human Resources
t_16,Chlo Rosenbush,Services
t_17,Rivi Kulicke,Training
t_18,Oliver Haythorne,Engineering
t_19,Demetri Arnolds,Training
t_20,Nikolia Delap,Business Development
t_21,Francyne Madge,Services
t_22,Salome Lurner,Support
t_23,Porty Antunes,Engineering
t_24,Giacinta Haslum,Engineering
t_25,Jessa McBain,Accounting
t_26,Korie Malcolm,Accounting
t_27,Carleen Caulcutt,Human Resources
t_28,Prue Antonnikov,Legal
t_29,Tom Milch,Product Management
t_30,Vinnie Solesbury,Human Resources
t_31,Mozes Sinton,Product Management
t_32,Sheelah Pessolt,Business Development
t_33,Clara Loveguard,Engineering
t_34,Wilmette Hartrick,Marketing
t_35,Nicole Thomtson,Accounting
t_36,Krisha Scading,Engineering
t_37,Roxie Kitman,Legal
t_38,Amos Norfolk,Support
t_39,Wesley Capron,Engineering
t_40,Reinaldo Tiddeman,Business Development
t_41,Valry Holbarrow,Product Management
t_42,Archy Salmen,Engineering
t_43,Jarrid Queenborough,Marketing
t_44,John Lutsch,Engineering
t_45,Aylmar Vasenin,Business Development
t_46,Noah Daldan,Human Resources
t_47,Ardene Thunnerclef,Research and Development
t_48,Cordie Zipsell,Sales
t_49,Katha Briton,Legal
t_50,Kalindi Timbrell,Accounting
